Liana ID,Vessel number,Area (mmÂ²),Diameter if circular (mm),D (m)
3,1,0.044,0.236690811,0.000236691
3,2,0.043,0.233985684,0.000233986
3,3,0.038,0.219961594,0.000219962
3,4,0.009,0.107047447,0.000107047
3,5,0.036,0.214094894,0.000214095
3,6,0.056,0.267023247,0.000267023
3,7,0.026,0.181945674,0.000181946
3,8,0.023,0.171127174,0.000171127
3,9,0.01,0.112837917,0.000112838
3,10,0.022,0.167365677,0.000167366
3,11,0.039,0.222837031,0.000222837
3,12,0.033,0.204980255,0.00020498
3,13,0.019,0.155536335,0.000155536
3,14,0.027,0.185411617,0.000185412
3,15,0.037,0.217048066,0.000217048
3,16,0.03,0.195441005,0.000195441
3,17,0.051,0.254823894,0.000254824
3,18,0.052,0.257310039,0.00025731
3,19,0.044,0.236690811,0.000236691
3,20,0.035,0.211100412,0.0002111
3,21,0.013,0.12865502,0.000128655
3,22,0.041,0.228479367,0.000228479
3,23,0.032,0.201850602,0.000201851
3,24,0.02,0.159576912,0.000159577
3,25,0.014,0.133511624,0.000133512
3,26,0.008,0.100925301,0.000100925
3,27,0.018,0.151387951,0.000151388
3,28,0.047,0.244626774,0.000244627
3,29,0.034,0.208062838,0.000208063
3,30,0.031,0.198671653,0.000198672
3,31,0.041,0.228479367,0.000228479
3,32,0.007,0.094406974,9.44E-05
3,33,0.016,0.142729929,0.00014273
3,34,0.005,0.079788456,7.98E-05
3,35,0.049,0.249777376,0.000249777
3,36,0.031,0.198671653,0.000198672
3,37,0.027,0.185411617,0.000185412
3,38,0.01,0.112837917,0.000112838
3,39,0.044,0.236690811,0.000236691
3,40,0.033,0.204980255,0.00020498
3,41,0.058,0.271749689,0.00027175
3,42,0.04,0.225675833,0.000225676
3,43,0.009,0.107047447,0.000107047
3,44,0.049,0.249777376,0.000249777
3,45,0.02,0.159576912,0.000159577
3,46,0.046,0.24201037,0.00024201
3,47,0.012,0.123607745,0.000123608
3,48,0.017,0.147122644,0.000147123
3,49,0.053,0.259772392,0.000259772
3,50,0.012,0.123607745,0.000123608
14,1,0.047,0.244626774,0.000244627
14,2,0.036,0.214094894,0.000214095
14,3,0.004,0.071364965,7.14E-05
14,4,0.004,0.071364965,7.14E-05
14,5,0.007,0.094406974,9.44E-05
14,6,0.005,0.079788456,7.98E-05
14,7,0.003,0.061803872,6.18E-05
14,8,0.037,0.217048066,0.000217048
14,9,0.006,0.087403874,8.74E-05
14,10,0.036,0.214094894,0.000214095
14,11,0.039,0.222837031,0.000222837
14,12,0.011,0.118345405,0.000118345
14,13,0.031,0.198671653,0.000198672
14,14,0.01,0.112837917,0.000112838
14,15,0.005,0.079788456,7.98E-05
14,16,0.011,0.118345405,0.000118345
14,17,0.013,0.12865502,0.000128655
14,18,0.009,0.107047447,0.000107047
14,19,0.016,0.142729929,0.00014273
14,20,0.009,0.107047447,0.000107047
14,21,0.006,0.087403874,8.74E-05
14,22,0.012,0.123607745,0.000123608
14,23,0.02,0.159576912,0.000159577
14,24,0.031,0.198671653,0.000198672
14,25,0.018,0.151387951,0.000151388
14,26,0.018,0.151387951,0.000151388
14,27,0.018,0.151387951,0.000151388
14,28,0.024,0.174807749,0.000174808
14,29,0.014,0.133511624,0.000133512
14,30,0.017,0.147122644,0.000147123
14,31,0.008,0.100925301,0.000100925
14,32,0.013,0.12865502,0.000128655
14,33,0.02,0.159576912,0.000159577
14,34,0.03,0.195441005,0.000195441
14,35,0.004,0.071364965,7.14E-05
14,36,0.003,0.061803872,6.18E-05
14,37,0.008,0.100925301,0.000100925
14,38,0.012,0.123607745,0.000123608
14,39,0.007,0.094406974,9.44E-05
14,40,0.006,0.087403874,8.74E-05
14,41,0.006,0.087403874,8.74E-05
14,42,0.018,0.151387951,0.000151388
14,43,0.012,0.123607745,0.000123608
14,44,0.003,0.061803872,6.18E-05
14,45,0.009,0.107047447,0.000107047
14,46,0.005,0.079788456,7.98E-05
14,47,0.006,0.087403874,8.74E-05
14,48,0.005,0.079788456,7.98E-05
14,49,0.004,0.071364965,7.14E-05
14,50,0.01,0.112837917,0.000112838
17,1,4.00E-03,0.071364965,7.14E-05
17,2,0.002,0.05046265,5.05E-05
17,3,7.99E-04,0.031887444,3.19E-05
17,4,0.007,0.094406974,9.44E-05
17,5,0.011,0.118345405,0.000118345
17,6,0.071,0.30066594,0.000300666
17,7,0.192,0.494430979,0.000494431
17,8,0.088,0.334731355,0.000334731
17,9,0.072,0.302775903,0.000302776
17,10,0.045,0.239365368,0.000239365
17,11,0.102,0.360375406,0.000360375
17,12,0.096,0.349615498,0.000349615
17,13,0.101,0.358604509,0.000358605
17,14,0.094,0.345954502,0.000345955
17,15,0.123,0.395737873,0.000395738
17,16,0.048,0.247215489,0.000247215
17,17,0.072,0.302775903,0.000302776
17,18,0.013,0.12865502,0.000128655
17,19,0.028,0.188813949,0.000188814
17,20,0.091,0.340389187,0.000340389
17,21,0.135,0.414592979,0.000414593
17,22,0.069,0.296400959,0.000296401
17,23,0.11,0.374241032,0.000374241
17,24,0.099,0.355036216,0.000355036
17,25,0.059,0.274082347,0.000274082
17,26,0.108,0.370823234,0.000370823
17,27,0.019,0.155536335,0.000155536
17,28,0.104,0.363891347,0.000363891
17,29,0.097,0.351431694,0.000351432
17,30,0.104,0.363891347,0.000363891
17,31,0.09,0.33851375,0.000338514
17,32,0.012,0.123607745,0.000123608
17,33,0.091,0.340389187,0.000340389
17,34,0.017,0.147122644,0.000147123
17,35,0.047,0.244626774,0.000244627
17,36,0.126,0.400534871,0.000400535
17,37,0.046,0.24201037,0.00024201
17,38,0.083,0.325082885,0.000325083
17,39,0.019,0.155536335,0.000155536
17,40,0.029,0.192156048,0.000192156
17,41,0.092,0.342254347,0.000342254
17,42,0.06,0.27639532,0.000276395
17,43,0.113,0.37930999,0.00037931
17,44,0.046,0.24201037,0.00024201
17,45,0.029,0.192156048,0.000192156
17,46,0.019,0.155536335,0.000155536
17,47,0.034,0.208062838,0.000208063
17,48,0.024,0.174807749,0.000174808
17,49,0.005,0.079788456,7.98E-05
17,50,0.002,0.05046265,5.05E-05
17,51,0.002,0.05046265,5.05E-05
17,52,0.001,0.035682482,3.57E-05
17,53,0.002,0.05046265,5.05E-05
17,54,0.001,0.035682482,3.57E-05
17,55,0.004,0.071364965,7.14E-05
17,56,0.061,0.278689096,0.000278689
17,57,0.036,0.214094894,0.000214095
17,58,0.047,0.244626774,0.000244627
17,59,0.108,0.370823234,0.000370823
17,60,0.145,0.429673986,0.000429674
17,61,0.108,0.370823234,0.000370823
17,62,0.017,0.147122644,0.000147123
17,63,0.032,0.201850602,0.000201851
17,64,0.015,0.13819766,0.000138198
17,65,0.019,0.155536335,0.000155536
17,66,0.009,0.107047447,0.000107047
17,67,0.025,0.178412412,0.000178412
17,68,0.003,0.061803872,6.18E-05
17,69,0.002,0.05046265,5.05E-05
17,70,0.007,0.094406974,9.44E-05
17,71,0.001,0.035682482,3.57E-05
17,72,0.002,0.05046265,5.05E-05
17,73,6.23E-04,0.028168828,2.82E-05
17,74,6.28E-04,0.028286105,2.83E-05
17,75,6.05E-04,0.02774987,2.77E-05
17,76,9.30E-04,0.034401688,3.44E-05
17,77,0.002,0.05046265,5.05E-05
17,78,0.002,0.05046265,5.05E-05
17,79,4.27E-04,0.023311341,2.33E-05
17,80,5.26E-04,0.025886405,2.59E-05
17,81,0.118,0.387610973,0.000387611
17,82,0.015,0.13819766,0.000138198
17,83,0.109,0.372536052,0.000372536
17,84,0.111,0.375938279,0.000375938
17,85,0.017,0.147122644,0.000147123
17,86,0.006,0.087403874,8.74E-05
17,87,0.001,0.035682482,3.57E-05
17,88,0.005,0.079788456,7.98E-05
17,89,0.023,0.171127174,0.000171127
17,90,0.077,0.313112512,0.000313113
17,91,0.016,0.142729929,0.00014273
17,93,0.014,0.133511624,0.000133512
17,94,0.002,0.05046265,5.05E-05
17,95,0.004,0.071364965,7.14E-05
17,96,0.009,0.107047447,0.000107047
17,97,0.05,0.252313252,0.000252313
17,98,0.023,0.171127174,0.000171127
17,99,0.004,0.071364965,7.14E-05
17,100,0.08,0.319153824,0.000319154
17,101,0.048,0.247215489,0.000247215
17,102,0.069,0.296400959,0.000296401
17,103,0.025,0.178412412,0.000178412
17,104,0.06,0.27639532,0.000276395
17,105,0.06,0.27639532,0.000276395
17,106,0.119,0.389249927,0.00038925
17,107,0.05,0.252313252,0.000252313
17,108,0.097,0.351431694,0.000351432
17,109,0.002,0.05046265,5.05E-05
17,110,0.001,0.035682482,3.57E-05
17,111,5.71E-04,0.026958582,2.70E-05
17,112,0.001,0.035682482,3.57E-05
17,113,4.61E-04,0.024222072,2.42E-05
17,114,1.15E-04,0.012111036,1.21E-05
17,115,1.15E-04,0.012111036,1.21E-05
17,116,2.23E-04,0.016835175,1.68E-05
17,117,2.04E-04,0.016124376,1.61E-05
19,1,0.008,0.100925301,0.000100925
19,2,0.008,0.100925301,0.000100925
19,3,0.036,0.214094894,0.000214095
19,4,0.009,0.107047447,0.000107047
19,5,0.003,0.061803872,6.18E-05
19,6,0.015,0.13819766,0.000138198
19,7,0.008,0.100925301,0.000100925
19,8,0.026,0.181945674,0.000181946
19,9,0.026,0.181945674,0.000181946
19,10,0.034,0.208062838,0.000208063
19,11,0.03,0.195441005,0.000195441
19,12,0.004,0.071364965,7.14E-05
19,13,0.008,0.100925301,0.000100925
19,14,0.018,0.151387951,0.000151388
19,15,0.03,0.195441005,0.000195441
19,16,0.019,0.155536335,0.000155536
19,17,0.021,0.163517676,0.000163518
19,18,0.013,0.12865502,0.000128655
19,19,0.009,0.107047447,0.000107047
19,20,0.012,0.123607745,0.000123608
19,21,0.008,0.100925301,0.000100925
19,22,0.001,0.035682482,3.57E-05
19,23,0.031,0.198671653,0.000198672
19,24,0.031,0.198671653,0.000198672
19,25,0.016,0.142729929,0.00014273
19,26,0.016,0.142729929,0.00014273
19,27,0.016,0.142729929,0.00014273
19,28,0.024735867,0.177467417,0.000177467
19,29,0.04241865,0.232398586,0.000232399
19,30,0.043577473,0.235551612,0.000235552
19,31,0.034793307,0.210476161,0.000210476
19,32,0.029614369,0.194180807,0.000194181
19,33,0.042089601,0.231495452,0.000231495
19,34,0.047640507,0.246287997,0.000246288
19,35,0.042576021,0.23282928,0.000232829
19,36,0.022346688,0.168679243,0.000168679
19,37,0.024406818,0.176283084,0.000176283
19,38,0.049664871,0.251466256,0.000251466
19,39,0.018555477,0.153706106,0.000153706
19,40,0.048391596,0.248221864,0.000248222
19,41,0.013855805,0.132822283,0.000132822
19,42,0.012818587,0.127754185,0.000127754
19,43,0.016395202,0.1444819,0.000144482
19,44,0.007210455,0.095815638,9.58156E-05
19,45,0.004935728,0.079273981,7.9274E-05
19,46,0.005007261,0.079846369,7.98464E-05
19,47,0.006130318,0.088347967,8.8348E-05
19,48,0.01422062,0.134559488,0.000134559
19,49,0.01468558,0.136741585,0.000136742
21,1,0.091,0.340389187,0.000340389
21,2,0.099,0.355036216,0.000355036
21,3,0.077,0.313112512,0.000313113
21,4,0.009,0.107047447,0.000107047
21,5,0.076,0.311072669,0.000311073
21,6,0.074,0.306952319,0.000306952
21,7,0.086,0.330905728,0.000330906
21,8,0.065,0.28768137,0.000287681
21,9,0.001,0.035682482,3.57E-05
21,10,0.082,0.32311862,0.000323119
21,11,0.098,0.353238553,0.000353239
21,12,0.06,0.27639532,0.000276395
21,13,0.076056908,0.311189111,0.000311189
21,14,0.008,0.100925301,0.000100925
21,15,0.095,0.347789817,0.00034779
21,16,0.015,0.13819766,0.000138198
21,17,0.052191402,0.257783159,0.000257783
21,18,0.062512234,0.2821224,0.000282122
21,19,0.050801985,0.254328717,0.000254329
21,20,0.041148994,0.228894138,0.000228894
21,21,0.038174414,0.22046581,0.000220466
21,22,0.053557789,0.261135779,0.000261136
21,23,0.030452021,0.196907891,0.000196908
21,24,0.046549296,0.243451031,0.000243451
21,25,0.023581701,0.17327768,0.000173278
21,26,0.010316994,0.114612411,0.000114612
21,27,0.0574305,0.270412248,0.000270412
21,28,0.05586069,0.266690906,0.000266691
21,29,0.040600136,0.227362483,0.000227362
21,30,0.036055746,0.214260593,0.000214261
21,31,0.083146824,0.325370288,0.00032537
21,32,0.06751388,0.293191647,0.000293192
21,33,0.098,0.353238553,0.000353239
21,34,0.049182296,0.250241572,0.000250242
21,35,0.077653736,0.314438877,0.000314439
21,36,0.061302219,0.279378613,0.000279379
21,37,0.095,0.347789817,0.00034779
21,38,0.099,0.355036216,0.000355036
21,39,0.075657701,0.310371353,0.000310371
21,40,0.062164506,0.281336644,0.000281337
21,41,0.086,0.330905728,0.000330906
21,42,0.047329976,0.245484006,0.000245484
21,43,0.076056908,0.311189111,0.000311189
21,44,0.091,0.340389187,0.000340389
21,45,0.099,0.355036216,0.000355036
21,46,0.077,0.313112512,0.000313113
21,47,0.009,0.107047447,0.000107047
21,48,0.076,0.311072669,0.000311073
21,49,0.074,0.306952319,0.000306952
21,50,0.086,0.330905728,0.000330906
21,51,0.082,0.32311862,0.000323119
21,52,0.098,0.353238553,0.000353239
21,53,0.008,0.100925301,0.000100925
21,54,0.095,0.347789817,0.00034779
34,1,0.036,0.214094894,0.000214095
34,2,0.033,0.204980255,0.00020498
34,3,0.038,0.219961594,0.000219962
34,4,0.02,0.159576912,0.000159577
34,5,0.017,0.147122644,0.000147123
34,6,0.076,0.311072669,0.000311073
34,7,0.08,0.319153824,0.000319154
34,8,0.085,0.328976232,0.000328976
34,9,0.045,0.239365368,0.000239365
34,10,0.06,0.27639532,0.000276395
34,11,0.043,0.233985684,0.000233986
34,12,0.053,0.259772392,0.000259772
34,13,0.111,0.375938279,0.000375938
34,14,0.024,0.174807749,0.000174808
34,15,0.103,0.362137644,0.000362138
34,16,0.036,0.214094894,0.000214095
34,17,0.039,0.222837031,0.000222837
34,18,0.041,0.228479367,0.000228479
34,19,0.016,0.142729929,0.00014273
34,20,0.091,0.340389187,0.000340389
34,21,0.056,0.267023247,0.000267023
34,22,0.076,0.311072669,0.000311073
34,23,0.099,0.355036216,0.000355036
34,24,0.067,0.292073706,0.000292074
34,25,0.1,0.356824823,0.000356825
34,26,0.064,0.285459859,0.00028546
34,27,0.06,0.27639532,0.000276395
34,28,0.046,0.24201037,0.00024201
34,29,0.086,0.330905728,0.000330906
34,30,0.055,0.264628371,0.000264628
34,31,0.074,0.306952319,0.000306952
34,32,0.035,0.211100412,0.0002111
34,33,0.082,0.32311862,0.000323119
34,34,0.085,0.328976232,0.000328976
34,35,0.045,0.239365368,0.000239365
34,36,0.094,0.345954502,0.000345955
34,37,0.047,0.244626774,0.000244627
34,38,0.089,0.336627865,0.000336628
34,39,0.05,0.252313252,0.000252313
34,40,0.048,0.247215489,0.000247215
34,41,0.028,0.188813949,0.000188814
34,42,0.068,0.294245287,0.000294245
34,43,0.099,0.355036216,0.000355036
34,44,0.044,0.236690811,0.000236691
34,45,0.052,0.257310039,0.00025731
34,46,0.122,0.394125899,0.000394126
34,48,0.092,0.342254347,0.000342254
34,49,0.093,0.344109398,0.000344109
34,50,0.052,0.257310039,0.00025731
34,1,0.042,0.231248915,0.000231249
34,2,0.014,0.133511624,0.000133512
41,3,0.019,0.155536335,0.000155536
41,4,0.001,0.035682482,3.57E-05
41,5,0.006,0.087403874,8.74E-05
41,6,0.023,0.171127174,0.000171127
41,7,0.014,0.133511624,0.000133512
41,8,0.042,0.231248915,0.000231249
41,9,0.041,0.228479367,0.000228479
41,10,0.026,0.181945674,0.000181946
41,11,0.034,0.208062838,0.000208063
41,12,0.029,0.192156048,0.000192156
41,13,0.006,0.087403874,8.74E-05
41,14,0.021,0.163517676,0.000163518
41,15,0.04,0.225675833,0.000225676
41,16,0.036,0.214094894,0.000214095
41,17,0.03,0.195441005,0.000195441
41,18,0.014,0.133511624,0.000133512
41,19,0.007,0.094406974,9.44E-05
41,20,0.031,0.198671653,0.000198672
41,21,0.012,0.123607745,0.000123608
41,22,0.024,0.174807749,0.000174808
41,23,0.028,0.188813949,0.000188814
41,24,0.026,0.181945674,0.000181946
41,25,0.013,0.12865502,0.000128655
41,26,0.009,0.107047447,0.000107047
41,27,0.021,0.163517676,0.000163518
41,28,0.02,0.159576912,0.000159577
41,29,0.046,0.24201037,0.00024201
41,30,0.026,0.181945674,0.000181946
41,31,0.013,0.12865502,0.000128655
41,32,0.027,0.185411617,0.000185412
41,33,0.014,0.133511624,0.000133512
41,34,0.019,0.155536335,0.000155536
41,35,0.009,0.107047447,0.000107047
41,36,0.004,0.071364965,7.14E-05
41,37,0.05,0.252313252,0.000252313
41,38,0.014,0.133511624,0.000133512
41,39,0.015,0.13819766,0.000138198
41,40,0.012,0.123607745,0.000123608
41,41,0.004,0.071364965,7.14E-05
41,42,0.017,0.147122644,0.000147123
41,43,0.035,0.211100412,0.0002111
41,44,0.011,0.118345405,0.000118345
41,45,0.004,0.071364965,7.14E-05
41,46,0.008,0.100925301,0.000100925
41,47,0.018,0.151387951,0.000151388
41,48,0.011,0.118345405,0.000118345
41,49,0.02,0.159576912,0.000159577
41,50,0.046,0.24201037,0.00024201
41,1,0.121,0.392507306,0.000392507
41,2,0.114,0.380984656,0.000380985
44,3,0.081,0.321142341,0.000321142
44,4,0.037,0.217048066,0.000217048
44,5,0.046,0.24201037,0.00024201
44,6,0.006,0.087403874,8.74E-05
44,7,0.006,0.087403874,8.74E-05
44,8,0.072,0.302775903,0.000302776
44,9,0.049,0.249777376,0.000249777
44,10,0.1,0.356824823,0.000356825
44,11,0.05,0.252313252,0.000252313
44,12,0.006,0.087403874,8.74E-05
44,13,0.018,0.151387951,0.000151388
44,14,0.002,0.05046265,5.05E-05
44,15,0.005,0.079788456,7.98E-05
44,16,0.027,0.185411617,0.000185412
44,17,0.068,0.294245287,0.000294245
44,18,0.112,0.377627898,0.000377628
44,19,0.078,0.315139151,0.000315139
44,20,0.059,0.274082347,0.000274082
44,21,0.01,0.112837917,0.000112838
44,22,0.05,0.252313252,0.000252313
44,23,0.073,0.304871263,0.000304871
44,24,0.063,0.283220923,0.000283221
44,25,0.013,0.12865502,0.000128655
44,26,0.057,0.269396834,0.000269397
44,27,0.006,0.087403874,8.74E-05
44,28,0.01,0.112837917,0.000112838
44,29,0.07,0.298541066,0.000298541
44,30,0.06,0.27639532,0.000276395
44,31,0.079,0.31715284,0.000317153
44,32,0.062,0.280964147,0.000280964
44,33,0.003,0.061803872,6.18E-05
44,34,0.022,0.167365677,0.000167366
44,35,0.022,0.167365677,0.000167366
44,36,0.067,0.292073706,0.000292074
44,37,0.069,0.296400959,0.000296401
44,38,0.097,0.351431694,0.000351432
44,39,0.065,0.28768137,0.000287681
44,40,0.113,0.37930999,0.00037931
44,41,0.094,0.345954502,0.000345955
44,42,0.051,0.254823894,0.000254824
44,43,0.066,0.289885857,0.000289886
44,44,0.024,0.174807749,0.000174808
44,45,0.004,0.071364965,7.14E-05
44,46,0.021,0.163517676,0.000163518
44,47,0.005,0.079788456,7.98E-05
44,48,0.057,0.269396834,0.000269397
44,49,0.006,0.087403874,8.74E-05
44,50,0.05,0.252313252,0.000252313
44,51,0.037,0.217048066,0.000217048
44,52,0.078,0.315139151,0.000315139
44,53,0.105,0.36563664,0.000365637
44,54,0.004,0.071364965,7.14E-05
44,55,0.003,0.061803872,6.18E-05
44,1,0.058,0.271749689,0.00027175
44,2,0.002,0.05046265,5.05E-05
47,3,1.76E-04,0.014982394,1.50E-05
47,4,3.17E-04,0.02009022,2.01E-05
47,5,4.76E-04,0.024628669,2.46E-05
47,6,0.001,0.035682482,3.57E-05
47,7,5.49E-04,0.026445992,2.64E-05
47,8,0.016,0.142729929,0.00014273
47,9,0.023,0.171127174,0.000171127
47,10,0.005,0.079788456,7.98E-05
47,11,0.005,0.079788456,7.98E-05
47,12,0.01,0.112837917,0.000112838
47,13,0.002,0.05046265,5.05E-05
47,14,0.019,0.155536335,0.000155536
47,15,0.056,0.267023247,0.000267023
47,16,0.001,0.035682482,3.57E-05
47,17,0.001,0.035682482,3.57E-05
47,18,7.16E-04,0.030182824,3.02E-05
47,19,0.045,0.239365368,0.000239365
47,20,0.002,0.05046265,5.05E-05
47,21,0.002,0.05046265,5.05E-05
47,22,6.46E-04,0.028677263,2.87E-05
47,23,7.31E-04,0.03050174,3.05E-05
47,24,0.015,0.13819766,0.000138198
47,25,0.007,0.094406974,9.44E-05
47,26,0.002,0.05046265,5.05E-05
47,27,0.001,0.035682482,3.57E-05
47,28,0.001,0.035682482,3.57E-05
47,29,3.32E-04,0.020569334,2.06E-05
47,30,0.028,0.188813949,0.000188814
47,31,0.006,0.087403874,8.74E-05
47,32,0.004,0.071364965,7.14E-05
47,33,0.017,0.147122644,0.000147123
47,34,0.003,0.061803872,6.18E-05
47,35,0.002,0.05046265,5.05E-05
47,36,0.002,0.05046265,5.05E-05
47,37,0.067,0.292073706,0.000292074
47,38,0.025,0.178412412,0.000178412
47,39,0.016,0.142729929,0.00014273
47,40,0.024,0.174807749,0.000174808
47,41,0.014,0.133511624,0.000133512
47,42,0.021,0.163517676,0.000163518
47,43,0.01,0.112837917,0.000112838
47,44,0.041,0.228479367,0.000228479
47,45,0.024,0.174807749,0.000174808
47,46,0.026,0.181945674,0.000181946
47,47,0.006,0.087403874,8.74E-05
47,48,0.001,0.035682482,3.57E-05
47,49,0.014,0.133511624,0.000133512
47,50,0.016,0.142729929,0.00014273
47,51,0.002,0.05046265,5.05E-05
47,52,0.002,0.05046265,5.05E-05
48,1,0.049,0.249777376,0.000249777
48,2,0.031,0.198671653,0.000198672
48,3,0.027,0.185411617,0.000185412
48,4,0.042,0.231248915,0.000231249
48,5,0.023,0.171127174,0.000171127
48,6,0.028,0.188813949,0.000188814
48,7,0.033,0.204980255,0.00020498
48,8,0.025,0.178412412,0.000178412
48,9,0.034,0.208062838,0.000208063
48,10,0.032,0.201850602,0.000201851
48,11,0.023,0.171127174,0.000171127
48,12,0.006,0.087403874,8.74E-05
48,13,0.038,0.219961594,0.000219962
48,14,0.04,0.225675833,0.000225676
48,15,0.005,0.079788456,7.98E-05
48,16,0.034,0.208062838,0.000208063
48,17,0.009,0.107047447,0.000107047
48,18,0.012,0.123607745,0.000123608
48,19,0.018,0.151387951,0.000151388
48,20,0.022,0.167365677,0.000167366
48,21,0.008,0.100925301,0.000100925
48,22,0.025,0.178412412,0.000178412
48,23,0.041,0.228479367,0.000228479
48,24,0.027,0.185411617,0.000185412
48,25,0.026,0.181945674,0.000181946
48,26,0.035,0.211100412,0.0002111
48,27,0.012,0.123607745,0.000123608
48,28,0.009,0.107047447,0.000107047
48,29,0.019,0.155536335,0.000155536
48,30,0.029,0.192156048,0.000192156
48,31,0.033,0.204980255,0.00020498
48,32,0.026,0.181945674,0.000181946
48,33,0.013,0.12865502,0.000128655
48,34,0.033,0.204980255,0.00020498
48,35,0.03,0.195441005,0.000195441
48,36,0.021,0.163517676,0.000163518
48,37,0.028,0.188813949,0.000188814
48,38,0.037,0.217048066,0.000217048
48,39,0.038,0.219961594,0.000219962
48,40,0.024,0.174807749,0.000174808
48,41,0.04,0.225675833,0.000225676
48,42,0.026,0.181945674,0.000181946
48,43,0.028,0.188813949,0.000188814
48,44,0.011,0.118345405,0.000118345
48,45,0.027,0.185411617,0.000185412
48,46,0.035,0.211100412,0.0002111
48,47,0.04,0.225675833,0.000225676
48,48,0.033,0.204980255,0.00020498
48,49,0.036,0.214094894,0.000214095
48,50,0.03,0.195441005,0.000195441
49,1,0.029,0.192156048,0.000192156
49,2,0.017,0.147122644,0.000147123
49,3,0.017,0.147122644,0.000147123
49,4,0.003,0.061803872,6.18E-05
49,5,0.003,0.061803872,6.18E-05
49,6,0.007,0.094406974,9.44E-05
49,7,0.01,0.112837917,0.000112838
49,8,0.014,0.133511624,0.000133512
49,9,0.019,0.155536335,0.000155536
49,10,0.053,0.259772392,0.000259772
49,11,0.012,0.123607745,0.000123608
49,12,0.028,0.188813949,0.000188814
49,13,0.009,0.107047447,0.000107047
49,14,0.014,0.133511624,0.000133512
49,15,0.047,0.244626774,0.000244627
49,16,0.042,0.231248915,0.000231249
49,17,0.035,0.211100412,0.0002111
49,18,0.023,0.171127174,0.000171127
49,19,0.042,0.231248915,0.000231249
49,20,0.033,0.204980255,0.00020498
49,21,0.026,0.181945674,0.000181946
49,22,0.045,0.239365368,0.000239365
49,23,0.052,0.257310039,0.00025731
49,24,0.02,0.159576912,0.000159577
49,25,0.037,0.217048066,0.000217048
49,26,0.07,0.298541066,0.000298541
49,27,0.093,0.344109398,0.000344109
49,28,0.053,0.259772392,0.000259772
49,29,0.02,0.159576912,0.000159577
49,30,0.024,0.174807749,0.000174808
49,31,0.06,0.27639532,0.000276395
49,32,0.042,0.231248915,0.000231249
49,33,0.058,0.271749689,0.00027175
49,34,0.017,0.147122644,0.000147123
49,35,0.069,0.296400959,0.000296401
49,36,0.058,0.271749689,0.00027175
49,37,0.026,0.181945674,0.000181946
49,38,0.017,0.147122644,0.000147123
49,39,0.051,0.254823894,0.000254824
49,40,0.009,0.107047447,0.000107047
49,41,0.077,0.313112512,0.000313113
49,42,0.028,0.188813949,0.000188814
49,43,0.052,0.257310039,0.00025731
49,44,0.033,0.204980255,0.00020498
49,45,0.048,0.247215489,0.000247215
49,46,0.034,0.208062838,0.000208063
49,47,0.035,0.211100412,0.0002111
49,48,0.072,0.302775903,0.000302776
49,49,0.078,0.315139151,0.000315139
49,50,0.043,0.233985684,0.000233986
49,51,0.017,0.147122644,0.000147123
49,52,0.017,0.147122644,0.000147123
49,53,0.003,0.061803872,6.18E-05
11,1,0.013,0.12865502,0.000128655
11,2,0.008,0.100925301,0.000100925
11,3,0.01,0.112837917,0.000112838
11,4,0.005,0.079788456,7.98E-05
11,5,0.01,0.112837917,0.000112838
11,6,0.009,0.107047447,0.000107047
11,7,0.007,0.094406974,9.44E-05
11,8,0.006,0.087403874,8.74E-05
11,9,0.009,0.107047447,0.000107047
11,10,0.007,0.094406974,9.44E-05
11,11,0.003,0.061803872,6.18E-05
11,12,0.008,0.100925301,0.000100925
11,13,0.014,0.133511624,0.000133512
11,14,0.024,0.174807749,0.000174808
11,15,0.011,0.118345405,0.000118345
11,16,0.009,0.107047447,0.000107047
11,17,0.009,0.107047447,0.000107047
11,18,0.008,0.100925301,0.000100925
11,19,0.01,0.112837917,0.000112838
11,20,0.003,0.061803872,6.18E-05
11,21,0.006,0.087403874,8.74E-05
11,22,0.015,0.13819766,0.000138198
11,23,0.012,0.123607745,0.000123608
11,24,2.08E-04,0.01626589,1.63E-05
11,25,0.015,0.13819766,0.000138198
11,26,0.017,0.147122644,0.000147123
11,27,0.016,0.142729929,0.00014273
11,28,0.016,0.142729929,0.00014273
11,29,0.017,0.147122644,0.000147123
11,30,0.02,0.159576912,0.000159577
11,31,0.007,0.094406974,9.44E-05
11,32,0.003,0.061803872,6.18E-05
11,33,0.011,0.118345405,0.000118345
11,34,0.011,0.118345405,0.000118345
11,35,0.015,0.13819766,0.000138198
11,36,0.02,0.159576912,0.000159577
11,37,0.009,0.107047447,0.000107047
11,38,0.008,0.100925301,0.000100925
11,39,0.012,0.123607745,0.000123608
11,40,0.012,0.123607745,0.000123608
11,41,0.017,0.147122644,0.000147123
11,42,0.011,0.118345405,0.000118345
11,43,0.013,0.12865502,0.000128655
11,44,0.008,0.100925301,0.000100925
12,1,0.009,0.107047447,0.000107047
12,2,0.004,0.071364965,7.14E-05
12,3,1.73E-04,0.014850087,1.49E-05
12,4,0.003,0.061803872,6.18E-05
12,5,0.004,0.071364965,7.14E-05
12,6,1.79E-04,0.015079807,1.51E-05
12,7,6.35E-05,0.008989578,8.99E-06
12,8,0.012,0.123607745,0.000123608
12,9,0.008,0.100925301,0.000100925
12,10,0.007,0.094406974,9.44E-05
12,11,0.01,0.112837917,0.000112838
12,12,0.009,0.107047447,0.000107047
12,13,0.006,0.087403874,8.74E-05
12,14,0.004,0.071364965,7.14E-05
12,15,7.28E-04,0.030439061,3.04E-05
12,16,0.001,0.035682482,3.57E-05
12,17,0.009,0.107047447,0.000107047
12,18,0.008,0.100925301,0.000100925
12,19,0.004,0.071364965,7.14E-05
12,20,0.005,0.079788456,7.98E-05
12,21,0.001,0.035682482,3.57E-05
12,22,0.004,0.071364965,7.14E-05
12,23,0.008,0.100925301,0.000100925
12,24,0.008,0.100925301,0.000100925
12,25,0.003,0.061803872,6.18E-05
12,26,0.009,0.107047447,0.000107047
12,27,0.006,0.087403874,8.74E-05
12,28,0.005,0.079788456,7.98E-05
12,29,0.005,0.079788456,7.98E-05
12,30,0.006,0.087403874,8.74E-05
12,31,0.007,0.094406974,9.44E-05
12,32,0.006,0.087403874,8.74E-05
12,33,0.01,0.112837917,0.000112838
12,34,0.007,0.094406974,9.44E-05
12,35,0.003,0.061803872,6.18E-05
12,36,0.004,0.071364965,7.14E-05
12,37,0.005,0.079788456,7.98E-05
12,38,0.009,0.107047447,0.000107047
12,39,0.003,0.061803872,6.18E-05
12,40,0.009,0.107047447,0.000107047
12,41,0.005,0.079788456,7.98E-05
12,42,0.012,0.123607745,0.000123608
12,43,0.005,0.079788456,7.98E-05
12,44,0.004,0.071364965,7.14E-05
12,45,0.004,0.071364965,7.14E-05
12,46,1.76E-04,0.014956878,1.50E-05
12,47,0.003,0.061803872,6.18E-05
12,48,0.006,0.087403874,8.74E-05
12,49,0.003,0.061803872,6.18E-05
16,1,0.097,0.351431694,0.000351432
16,2,0.059,0.274082347,0.000274082
16,3,0.061,0.278689096,0.000278689
16,4,0.079,0.31715284,0.000317153
16,5,0.086,0.330905728,0.000330906
16,6,0.083,0.325082885,0.000325083
16,7,0.121,0.392507306,0.000392507
16,8,0.031,0.198671653,0.000198672
16,9,0.051,0.254823894,0.000254824
16,10,0.078,0.315139151,0.000315139
16,11,0.005,0.079788456,7.98E-05
16,12,0.026,0.181945674,0.000181946
16,13,0.041,0.228479367,0.000228479
16,14,0.007,0.094406974,9.44E-05
16,15,0.065,0.28768137,0.000287681
16,16,0.027,0.185411617,0.000185412
16,17,0.08,0.319153824,0.000319154
16,18,0.102,0.360375406,0.000360375
16,19,0.026,0.181945674,0.000181946
16,20,0.085,0.328976232,0.000328976
16,21,0.053,0.259772392,0.000259772
16,22,0.024,0.174807749,0.000174808
16,23,0.025,0.178412412,0.000178412
16,24,0.044,0.236690811,0.000236691
16,25,0.121,0.392507306,0.000392507
16,26,0.048,0.247215489,0.000247215
16,27,0.029,0.192156048,0.000192156
16,28,0.029,0.192156048,0.000192156
16,29,0.084,0.327035352,0.000327035
16,30,0.09,0.33851375,0.000338514
16,31,0.026,0.181945674,0.000181946
16,32,0.06,0.27639532,0.000276395
16,33,0.025,0.178412412,0.000178412
16,34,0.049,0.249777376,0.000249777
16,35,0.04,0.225675833,0.000225676
16,36,0.112,0.377627898,0.000377628
16,37,0.01,0.112837917,0.000112838
16,38,0.002,0.05046265,5.05E-05
16,39,0.09,0.33851375,0.000338514
16,40,0.026,0.181945674,0.000181946
16,41,0.06,0.27639532,0.000276395
16,42,0.044,0.236690811,0.000236691
16,43,0.024,0.174807749,0.000174808
16,44,0.028,0.188813949,0.000188814
20,1,0.04,0.225675833,0.000225676
20,2,0.054,0.262211623,0.000262212
20,3,0.054,0.262211623,0.000262212
20,4,0.054,0.262211623,0.000262212
20,5,0.039,0.222837031,0.000222837
20,6,0.041,0.228479367,0.000228479
20,7,0.017,0.147122644,0.000147123
20,8,0.002,0.05046265,5.05E-05
20,9,0.003,0.061803872,6.18E-05
20,10,0.004,0.071364965,7.14E-05
20,11,0.047,0.244626774,0.000244627
20,12,0.047,0.244626774,0.000244627
20,13,0.036,0.214094894,0.000214095
20,14,0.028,0.188813949,0.000188814
20,15,0.027,0.185411617,0.000185412
20,16,0.003,0.061803872,6.18E-05
20,17,0.003,0.061803872,6.18E-05
20,18,7.31E-04,0.030497565,3.05E-05
20,19,0.029,0.192156048,0.000192156
20,20,0.031,0.198671653,0.000198672
20,21,0.021,0.163517676,0.000163518
20,22,0.019,0.155536335,0.000155536
20,23,0.042,0.231248915,0.000231249
20,24,0.052,0.257310039,0.00025731
20,25,0.008,0.100925301,0.000100925
20,26,0.067,0.292073706,0.000292074
20,27,0.051,0.254823894,0.000254824
20,28,0.042,0.231248915,0.000231249
20,29,0.008,0.100925301,0.000100925
20,30,0.053,0.259772392,0.000259772
20,31,0.038,0.219961594,0.000219962
20,32,0.001,0.035682482,3.57E-05
20,33,0.001,0.035682482,3.57E-05
20,34,0.002,0.05046265,5.05E-05
20,35,0.006,0.087403874,8.74E-05
20,36,0.023,0.171127174,0.000171127
20,37,9.01E-04,0.033870176,3.39E-05
20,38,0.013,0.12865502,0.000128655
20,39,0.017,0.147122644,0.000147123
20,40,0.008,0.100925301,0.000100925
20,41,0.006,0.087403874,8.74E-05
20,42,0.005,0.079788456,7.98E-05
20,43,0.005,0.079788456,7.98E-05
20,44,0.062,0.280964147,0.000280964
20,45,0.061,0.278689096,0.000278689
22,1,0.006,0.087403874,8.74E-05
22,2,0.001,0.035682482,3.57E-05
22,3,0.001,0.035682482,3.57E-05
22,4,1.80E-04,0.015121965,1.51E-05
22,5,4.55E-04,0.02407444,2.41E-05
22,6,0.009,0.107047447,0.000107047
22,7,0.003,0.061803872,6.18E-05
22,8,0.014,0.133511624,0.000133512
22,9,0.003,0.061803872,6.18E-05
22,10,0.002,0.05046265,5.05E-05
22,11,0.003,0.061803872,6.18E-05
22,12,0.005,0.079788456,7.98E-05
22,13,6.70E-04,0.029207371,2.92E-05
22,14,0.001,0.035682482,3.57E-05
22,15,0.001,0.035682482,3.57E-05
22,16,0.004,0.071364965,7.14E-05
22,17,0.001,0.035682482,3.57E-05
22,18,4.87E-04,0.024911382,2.49E-05
22,19,0.005,0.079788456,7.98E-05
22,20,0.001,0.035682482,3.57E-05
22,21,0.006,0.087403874,8.74E-05
22,22,0.003,0.061803872,6.18E-05
22,23,0.003,0.061803872,6.18E-05
22,24,0.004,0.071364965,7.14E-05
22,25,3.89E-04,0.022249394,2.22E-05
22,26,0.001,0.035682482,3.57E-05
22,27,0.009,0.107047447,0.000107047
22,28,0.001,0.035682482,3.57E-05
22,29,4.62E-04,0.024253591,2.43E-05
22,30,2.30E-04,0.017123874,1.71E-05
22,31,7.19E-05,0.009570624,9.57E-06
22,32,0.003,0.061803872,6.18E-05
22,33,2.28E-04,0.017023199,1.70E-05
22,34,0.002,0.05046265,5.05E-05
22,35,0.007,0.094406974,9.44E-05
22,36,0.008,0.100925301,0.000100925
22,37,0.012,0.123607745,0.000123608
22,38,0.001,0.035682482,3.57E-05
22,39,0.003,0.061803872,6.18E-05
22,40,0.001,0.035682482,3.57E-05
22,41,0.005,0.079788456,7.98E-05
22,42,7.82E-04,0.031556309,3.16E-05
22,43,9.68E-04,0.035110547,3.51E-05
22,44,0.006,0.087403874,8.74E-05
22,45,0.002,0.05046265,5.05E-05
22,46,8.23E-04,0.03236108,3.24E-05
22,47,0.012,0.123607745,0.000123608
22,48,2.43E-04,0.017571585,1.76E-05
22,49,0.007,0.094406974,9.44E-05
22,50,1.46E-04,0.013643593,1.36E-05
25,1,0.013,0.12865502,0.000128655
25,2,0.01,0.112837917,0.000112838
25,3,0.002,0.05046265,5.05E-05
25,4,1.13E-04,0.012000141,1.20E-05
25,5,2.59E-04,0.018166554,1.82E-05
25,6,3.31E-04,0.02052906,2.05E-05
25,7,0.002,0.05046265,5.05E-05
25,8,0.004,0.071364965,7.14E-05
25,9,0.007,0.094406974,9.44E-05
25,10,0.004,0.071364965,7.14E-05
25,11,0.002,0.05046265,5.05E-05
25,12,0.016,0.142729929,0.00014273
25,13,1.86E-04,0.015372484,1.54E-05
25,14,0.018,0.151387951,0.000151388
25,15,0.017,0.147122644,0.000147123
25,16,0.014,0.133511624,0.000133512
25,17,0.001,0.035682482,3.57E-05
25,18,7.15E-05,0.009539977,9.54E-06
25,19,4.86E-05,0.007867158,7.87E-06
25,20,0.019,0.155536335,0.000155536
25,21,0.014,0.133511624,0.000133512
25,22,0.002,0.05046265,5.05E-05
25,23,2.35E-04,0.017282997,1.73E-05
25,24,1.13E-04,0.012005445,1.20E-05
25,25,5.06E-05,0.008022609,8.02E-06
25,26,2.60E-04,0.018208558,1.82E-05
25,27,0.001,0.035682482,3.57E-05
25,28,0.001,0.035682482,3.57E-05
25,29,0.014,0.133511624,0.000133512
25,30,0.004,0.071364965,7.14E-05
25,31,9.98E-04,0.035639638,3.56E-05
25,32,0.003,0.061803872,6.18E-05
25,33,6.75E-04,0.029320494,2.93E-05
25,34,3.73E-04,0.021780933,2.18E-05
25,35,1.80E-04,0.015155607,1.52E-05
25,36,2.14E-04,0.016522184,1.65E-05
25,37,0.001,0.035682482,3.57E-05
25,38,0.002,0.05046265,5.05E-05
25,39,1.11E-04,0.011866773,1.19E-05
25,40,6.13E-05,0.008834568,8.83E-06
25,41,0.012,0.123607745,0.000123608
25,42,1.20E-04,0.012334996,1.23E-05
25,43,4.05E-05,0.007180074,7.18E-06
25,44,5.35E-05,0.008254925,8.25E-06
25,45,0.007,0.094406974,9.44E-05
25,46,0.012,0.123607745,0.000123608
25,47,7.83E-05,0.009987271,9.99E-06
25,48,8.94E-05,0.010670792,1.07E-05
25,49,1.41E-04,0.013394008,1.34E-05
25,50,1.24E-04,0.012565099,1.26E-05
25,51,7.08E-05,0.00949382,9.49E-06
25,52,4.51E-04,0.023957804,2.40E-05
25,53,5.51E-05,0.008377408,8.38E-06
25,54,5.64E-05,0.008472617,8.47E-06
25,55,2.91E-05,0.006081744,6.08E-06
31,1,0.047,0.244626774,0.000244627
31,2,0.039,0.222837031,0.000222837
31,3,0.021,0.163517676,0.000163518
31,4,0.017,0.147122644,0.000147123
31,5,0.023,0.171127174,0.000171127
31,6,0.022,0.167365677,0.000167366
31,7,0.002,0.05046265,5.05E-05
31,8,0.005,0.079788456,7.98E-05
31,9,0.005,0.079788456,7.98E-05
31,10,0.018,0.151387951,0.000151388
31,11,0.009,0.107047447,0.000107047
31,12,0.001,0.035682482,3.57E-05
31,13,0.031,0.198671653,0.000198672
31,14,4.21E-04,0.023157904,2.32E-05
31,15,0.033,0.204980255,0.00020498
31,16,5.43E-04,0.026286634,2.63E-05
31,17,0.016,0.142729929,0.00014273
31,18,0.012,0.123607745,0.000123608
31,19,0.038,0.219961594,0.000219962
31,20,0.029,0.192156048,0.000192156
31,21,0.033,0.204980255,0.00020498
31,22,0.02,0.159576912,0.000159577
31,23,0.014,0.133511624,0.000133512
31,24,0.021,0.163517676,0.000163518
31,25,0.029,0.192156048,0.000192156
31,26,0.004,0.071364965,7.14E-05
31,27,0.004,0.071364965,7.14E-05
31,28,0.016,0.142729929,0.00014273
31,29,0.02,0.159576912,0.000159577
31,30,0.017,0.147122644,0.000147123
31,31,0.017,0.147122644,0.000147123
31,32,0.008,0.100925301,0.000100925
31,33,0.001,0.035682482,3.57E-05
31,34,0.02,0.159576912,0.000159577
31,35,0.003,0.061803872,6.18E-05
31,36,0.003,0.061803872,6.18E-05
31,37,0.001,0.035682482,3.57E-05
31,38,6.25E-04,0.028218505,2.82E-05
31,39,7.26E-04,0.030393014,3.04E-05
31,40,8.77E-04,0.033417935,3.34E-05
31,41,7.77E-04,0.031451229,3.15E-05
31,42,0.004,0.071364965,7.14E-05
31,43,0.002,0.05046265,5.05E-05
31,44,0.018,0.151387951,0.000151388
31,45,0.019,0.155536335,0.000155536
31,46,0.023,0.171127174,0.000171127
31,47,0.06,0.27639532,0.000276395
31,48,0.018,0.151387951,0.000151388
31,49,0.023,0.171127174,0.000171127
31,50,0.015,0.13819766,0.000138198
31,51,0.002,0.05046265,5.05E-05
31,52,2.73E-04,0.018643884,1.86E-05
31,53,0.028,0.188813949,0.000188814
31,54,0.039,0.222837031,0.000222837
31,55,0.003,0.061803872,6.18E-05
31,56,0.013,0.12865502,0.000128655
31,57,0.002,0.05046265,5.05E-05
31,58,0.006,0.087403874,8.74E-05
31,59,0.069,0.296400959,0.000296401
31,60,0.01,0.112837917,0.000112838
31,61,0.01,0.112837917,0.000112838
31,62,0.004,0.071364965,7.14E-05
31,63,0.002,0.05046265,5.05E-05
31,64,3.02E-04,0.019599397,1.96E-05
31,65,1.64E-04,0.014428259,1.44E-05
31,66,2.53E-04,0.017947969,1.79E-05
31,67,2.64E-04,0.018323571,1.83E-05
31,68,2.97E-04,0.019446134,1.94E-05
31,69,0.022,0.167365677,0.000167366
31,70,0.016,0.142729929,0.00014273
32,1,0.005,0.079788456,7.98E-05
32,2,0.003,0.061803872,6.18E-05
32,3,0.002,0.05046265,5.05E-05
32,4,0.005,0.079788456,7.98E-05
32,5,7.66E-04,0.031229817,3.12E-05
32,6,0.029,0.192156048,0.000192156
32,7,0.028,0.188813949,0.000188814
32,8,0.002,0.05046265,5.05E-05
32,9,1.99E-04,0.015921746,1.59E-05
32,10,2.30E-04,0.017112717,1.71E-05
32,11,1.44E-04,0.013545251,1.35E-05
32,12,8.73E-05,0.010540535,1.05E-05
32,13,1.28E-04,0.012761165,1.28E-05
32,14,2.30E-04,0.017123874,1.71E-05
32,15,8.12E-04,0.032151877,3.22E-05
32,16,0.012,0.123607745,0.000123608
32,17,7.50E-04,0.030893695,3.09E-05
32,18,0.005,0.079788456,7.98E-05
32,19,0.001,0.035682482,3.57E-05
32,20,7.67E-04,0.031242046,3.12E-05
32,21,0.007,0.094406974,9.44E-05
32,22,0.001,0.035682482,3.57E-05
32,23,0.005,0.079788456,7.98E-05
32,24,0.018,0.151387951,0.000151388
32,25,2.05E-04,0.016140161,1.61E-05
32,26,0.006,0.087403874,8.74E-05
32,27,0.002,0.05046265,5.05E-05
32,28,0.002,0.05046265,5.05E-05
32,29,0.001,0.035682482,3.57E-05
32,30,8.31E-04,0.032520036,3.25E-05
32,31,0.001,0.035682482,3.57E-05
32,32,0.004,0.071364965,7.14E-05
32,33,0.001,0.035682482,3.57E-05
32,34,5.71E-04,0.026965665,2.70E-05
32,35,0.002,0.05046265,5.05E-05
32,36,4.51E-04,0.023957804,2.40E-05
32,37,0.01,0.112837917,0.000112838
32,38,0.014,0.133511624,0.000133512
32,39,0.025,0.178412412,0.000178412
32,40,0.007,0.094406974,9.44E-05
32,41,0.013,0.12865502,0.000128655
32,42,0.013,0.12865502,0.000128655
36,1,0.001,0.035682482,3.57E-05
36,2,9.89E-04,0.035476715,3.55E-05
36,3,6.24E-04,0.028180126,2.82E-05
36,4,0.004,0.071364965,7.14E-05
36,5,0.004,0.071364965,7.14E-05
36,6,0.036,0.214094894,0.000214095
36,7,0.002,0.05046265,5.05E-05
36,8,0.051,0.254823894,0.000254824
36,9,0.06,0.27639532,0.000276395
36,10,0.002,0.05046265,5.05E-05
36,11,3.20E-04,0.020178751,2.02E-05
36,12,1.25E-04,0.012600515,1.26E-05
36,13,3.38E-04,0.020751135,2.08E-05
36,14,0.003,0.061803872,6.18E-05
36,15,2.39E-04,0.017455263,1.75E-05
36,16,2.75E-04,0.018695033,1.87E-05
36,17,0.004,0.071364965,7.14E-05
36,18,0.003,0.061803872,6.18E-05
36,19,6.01E-04,0.027657952,2.77E-05
36,20,4.78E-04,0.024662249,2.47E-05
36,21,0.002,0.05046265,5.05E-05
36,22,7.40E-04,0.030693158,3.07E-05
36,23,0.003,0.061803872,6.18E-05
36,24,0.004,0.071364965,7.14E-05
36,25,0.005,0.079788456,7.98E-05
36,26,9.01E-04,0.033860777,3.39E-05
36,27,6.24E-04,0.028189161,2.82E-05
36,28,8.49E-04,0.032882138,3.29E-05
36,29,0.001,0.035682482,3.57E-05
36,30,6.56E-04,0.028893999,2.89E-05
36,31,0.001,0.035682482,3.57E-05
36,32,0.001,0.035682482,3.57E-05
36,33,0.001,0.035682482,3.57E-05
36,34,0.002,0.05046265,5.05E-05
36,35,5.48E-04,0.026409858,2.64E-05
36,36,0.003,0.061803872,6.18E-05
36,37,0.001,0.035682482,3.57E-05
36,38,0.04,0.225675833,0.000225676
36,39,0.013,0.12865502,0.000128655
36,40,5.01E-04,0.025256544,2.53E-05
36,41,0.002,0.05046265,5.05E-05
36,42,0.009,0.107047447,0.000107047
36,43,0.005,0.079788456,7.98E-05
36,44,0.004,0.071364965,7.14E-05
36,45,0.006,0.087403874,8.74E-05
36,46,0.001,0.035682482,3.57E-05
36,47,0.001,0.035682482,3.57E-05
36,48,0.004,0.071364965,7.14E-05
36,49,0.006,0.087403874,8.74E-05
36,50,0.002,0.05046265,5.05E-05
36,51,0.013,0.12865502,0.000128655
36,52,0.008,0.100925301,0.000100925
36,53,0.004,0.071364965,7.14E-05
36,54,0.01,0.112837917,0.000112838
36,55,0.005,0.079788456,7.98E-05
37,1,0.003,0.061803872,6.18E-05
37,2,0.005,0.079788456,7.98E-05
37,3,0.004,0.071364965,7.14E-05
37,4,9.98E-04,0.035652139,3.57E-05
37,5,0.002,0.05046265,5.05E-05
37,6,0.009,0.107047447,0.000107047
37,7,0.008,0.100925301,0.000100925
37,8,0.005,0.079788456,7.98E-05
37,9,0.003,0.061803872,6.18E-05
37,10,0.012,0.123607745,0.000123608
37,11,0.001,0.035682482,3.57E-05
37,12,0.007,0.094406974,9.44E-05
37,13,7.84E-04,0.031594617,3.16E-05
37,14,0.002,0.05046265,5.05E-05
37,15,0.007,0.094406974,9.44E-05
37,16,0.002,0.05046265,5.05E-05
37,17,0.002,0.05046265,5.05E-05
37,18,0.002,0.05046265,5.05E-05
37,19,0.004,0.071364965,7.14E-05
37,20,0.018,0.151387951,0.000151388
37,21,0.002,0.05046265,5.05E-05
37,22,0.014,0.133511624,0.000133512
37,23,0.004,0.071364965,7.14E-05
37,24,0.006,0.087403874,8.74E-05
37,25,0.006,0.087403874,8.74E-05
37,26,0.002,0.05046265,5.05E-05
37,27,0.008,0.100925301,0.000100925
37,28,0.01,0.112837917,0.000112838
37,29,0.003,0.061803872,6.18E-05
37,30,0.069,0.296400959,0.000296401
37,31,0.008,0.100925301,0.000100925
37,32,0.008,0.100925301,0.000100925
37,33,0.008,0.100925301,0.000100925
37,34,0.006,0.087403874,8.74E-05
37,35,0.01,0.112837917,0.000112838
37,36,0.016,0.142729929,0.00014273
37,37,0.066,0.289885857,0.000289886
37,38,0.021,0.163517676,0.000163518
37,39,0.016,0.142729929,0.00014273
37,40,0.01,0.112837917,0.000112838
37,41,0.022,0.167365677,0.000167366
37,42,0.003,0.061803872,6.18E-05
37,43,0.023,0.171127174,0.000171127
37,44,0.03,0.195441005,0.000195441
37,45,0.03,0.195441005,0.000195441
37,46,0.03,0.195441005,0.000195441
37,47,0.03,0.195441005,0.000195441
37,48,0.03,0.195441005,0.000195441
37,49,0.03,0.195441005,0.000195441
38,1,0.015,0.13819766,0.000138198
38,2,1.71E-04,0.01477272,1.48E-05
38,3,4.79E-05,0.007811123,7.81E-06
38,4,1.31E-04,0.01289022,1.29E-05
38,5,1.44E-04,0.013521731,1.35E-05
38,6,5.45E-04,0.026349526,2.63E-05
38,7,2.43E-04,0.017575207,1.76E-05
38,8,3.17E-04,0.020077541,2.01E-05
38,9,4.14E-05,0.007260311,7.26E-06
38,10,2.18E-05,0.005273287,5.27E-06
38,11,2.04E-04,0.016096715,1.61E-05
38,12,4.27E-04,0.023324992,2.33E-05
38,13,5.36E-04,0.026126303,2.61E-05
38,14,2.51E-04,0.017869764,1.79E-05
38,15,1.79E-04,0.015096684,1.51E-05
38,16,1.86E-04,0.015393176,1.54E-05
38,17,4.42E-05,0.007497568,7.50E-06
38,18,2.69E-04,0.018520549,1.85E-05
38,19,0.037,0.217048066,0.000217048
38,20,3.22E-04,0.020251184,2.03E-05
38,21,5.63E-05,0.008464348,8.46E-06
38,22,2.84E-05,0.006009083,6.01E-06
38,23,1.64E-04,0.014445898,1.44E-05
38,24,2.64E-04,0.018323571,1.83E-05
38,25,8.50E-05,0.010401306,1.04E-05
38,26,8.28E-05,0.01026763,1.03E-05
38,27,9.78E-05,0.011157839,1.12E-05
38,28,9.16E-05,0.010800068,1.08E-05
38,29,4.47E-04,0.023861951,2.39E-05
38,30,3.19E-04,0.020140857,2.01E-05
38,31,3.59E-04,0.021382711,2.14E-05
38,32,2.77E-04,0.018776582,1.88E-05
38,33,5.10E-04,0.025489883,2.55E-05
38,34,2.31E-04,0.017142453,1.71E-05
38,35,1.60E-04,0.01426407,1.43E-05
38,36,8.97E-05,0.010684505,1.07E-05
38,37,2.42E-04,0.017546205,1.75E-05
38,38,5.04E-04,0.025334562,2.53E-05
38,39,5.66E-04,0.026847363,2.68E-05
38,40,1.60E-04,0.014286368,1.43E-05
38,41,3.31E-05,0.006486954,6.49E-06
38,42,8.02E-05,0.010103248,1.01E-05
38,43,1.27E-04,0.012701159,1.27E-05
38,44,2.83E-04,0.018985629,1.90E-05
38,45,5.44E-05,0.008325573,8.33E-06
38,46,4.36E-04,0.023572054,2.36E-05
38,47,4.98E-05,0.007958873,7.96E-06
38,48,1.56E-04,0.014093451,1.41E-05
38,49,3.13E-04,0.019953496,2.00E-05
38,50,2.79E-04,0.01884427,1.88E-05
38,51,3.67E-05,0.006836711,6.84E-06
38,52,4.69E-04,0.024434034,2.44E-05
38,53,4.66E-04,0.024363585,2.44E-05
38,54,2.26E-04,0.01694824,1.69E-05
38,55,5.58E-05,0.00842968,8.43E-06
38,56,1.47E-04,0.013662244,1.37E-05
38,57,2.55E-04,0.018001096,1.80E-05
38,58,0.047,0.244626774,0.000244627
38,59,0.015,0.13819766,0.000138198
38,60,5.79E-04,0.027139806,2.71E-05
38,61,3.33E-04,0.020603351,2.06E-05
38,62,1.76E-04,0.014965388,1.50E-05
38,63,5.30E-04,0.025964983,2.60E-05
38,64,2.73E-04,0.018640469,1.86E-05
38,65,6.66E-05,0.009205804,9.21E-06
38,66,3.81E-05,0.006963114,6.96E-06
38,67,1.58E-04,0.014179017,1.42E-05
38,68,5.34E-05,0.008246437,8.25E-06
38,69,7.51E-05,0.009781167,9.78E-06
38,70,0.005,0.079788456,7.98E-05
38,71,6.59E-04,0.028957824,2.90E-05
38,72,1.73E-04,0.014854374,1.49E-05
38,73,1.24E-04,0.012570164,1.26E-05
38,74,2.51E-05,0.005647535,5.65E-06
38,75,3.79E-05,0.006942971,6.94E-06
38,76,1.96E-05,0.004990447,4.99E-06
38,77,7.06E-05,0.009478385,9.48E-06
38,78,1.41E-04,0.013403511,1.34E-05
38,79,9.84E-06,0.003538688,3.54E-06
38,80,4.91E-05,0.007903489,7.90E-06
38,81,1.05E-04,0.01156795,1.16E-05
38,82,1.25E-05,0.003984633,3.98E-06
38,83,2.51E-05,0.005647535,5.65E-06
38,84,4.23E-04,0.023212819,2.32E-05
38,85,0.029,0.192156048,0.000192156
38,86,0.037,0.217048066,0.000217048
38,87,0.004,0.071364965,7.14E-05
38,88,1.64E-04,0.01444149,1.44E-05
38,89,1.78E-04,0.015033297,1.50E-05
38,90,2.14E-04,0.01651062,1.65E-05
38,91,2.26E-04,0.016955751,1.70E-05
38,92,2.50E-04,0.017823391,1.78E-05
38,93,2.00E-04,0.015957691,1.60E-05
38,94,1.34E-04,0.013037541,1.30E-05
38,95,1.95E-04,0.015748875,1.57E-05
38,96,1.71E-04,0.01476841,1.48E-05
38,97,2.42E-04,0.01755346,1.76E-05
38,98,1.73E-04,0.014837221,1.48E-05
38,99,4.19E-04,0.02308356,2.31E-05
38,100,1.08E-04,0.011715597,1.17E-05
38,101,1.05E-04,0.011540401,1.15E-05
38,102,1.96E-04,0.01578118,1.58E-05
38,103,1.20E-04,0.012334996,1.23E-05
38,104,9.49E-05,0.010993448,1.10E-05
38,105,0.003,0.061803872,6.18E-05
38,106,1.54E-04,0.013993722,1.40E-05
38,107,2.18E-04,0.016671778,1.67E-05
38,108,2.05E-04,0.016171685,1.62E-05
